id,sender_id,chat_id,content,created_at,date
1,10,dm-general,No problem 👍,2026-06-28 18:07:00,2026-06-28
2,9,group-project,Can you review my PR?,2026-06-28 18:09:00,2026-06-28
3,7,group-design,No problem 👍,2026-06-28 12:50:00,2026-06-28
4,5,group-design,Great! Don't forget to add file sharing feature.,2026-06-28 22:10:00,2026-06-28
5,3,dm-general,"Sounds good, checking now.",2026-06-28 18:08:00,2026-06-28
6,1,dm-general,Meeting at 5?,2026-06-28 08:20:00,2026-06-28
7,4,group-design,No problem 👍,2026-06-28 22:53:00,2026-06-28
8,9,group-project,"I'm good, working on the messenger project.",2026-06-28 20:55:00,2026-06-28
9,9,dm-general,"I'm good, working on the messenger project.",2026-06-28 11:19:00,2026-06-28
10,6,dm-general,"I'm good, working on the messenger project.",2026-06-28 10:35:00,2026-06-28
11,2,dm-general,Hey! How are you?,2026-06-28 15:08:00,2026-06-28
12,2,group-design,Meeting at 5?,2026-06-28 13:56:00,2026-06-28
13,9,group-design,Hey! How are you?,2026-06-28 16:30:00,2026-06-28
14,7,group-project,Can you review my PR?,2026-06-29 14:57:00,2026-06-29
15,8,group-project,Meeting at 5?,2026-06-29 12:39:00,2026-06-29
16,6,dm-general,"Sounds good, checking now.",2026-06-29 15:56:00,2026-06-29
17,10,dm-general,"Sure, I'll complete it today.",2026-06-29 08:21:00,2026-06-29
18,7,group-project,"Sounds good, checking now.",2026-06-29 08:30:00,2026-06-29
19,9,dm-general,"Yep, see you then.",2026-06-29 12:11:00,2026-06-29
20,7,group-project,Can you review my PR?,2026-06-29 21:59:00,2026-06-29
21,5,group-design,Hey! How are you?,2026-06-29 22:35:00,2026-06-29
22,1,group-design,Meeting at 5?,2026-06-29 11:21:00,2026-06-29
23,3,dm-general,Let's connect later.,2026-06-29 22:12:00,2026-06-29
24,10,group-project,"Okay, sounds good.",2026-06-29 19:45:00,2026-06-29
25,1,dm-general,"I'm good, working on the messenger project.",2026-06-29 12:07:00,2026-06-29
26,1,dm-general,Let's connect later.,2026-06-29 11:43:00,2026-06-29
27,8,dm-general,"Okay, sounds good.",2026-06-29 13:50:00,2026-06-29
28,3,group-design,"Sure, I'll complete it today.",2026-06-29 21:29:00,2026-06-29
29,7,group-project,Thanks for the update!,2026-06-29 07:51:00,2026-06-29
30,6,group-design,Great! Don't forget to add file sharing feature.,2026-06-29 18:20:00,2026-06-29
31,10,group-design,"Sounds good, checking now.",2026-06-29 16:43:00,2026-06-29
32,1,dm-general,"Sounds good, checking now.",2026-06-29 13:07:00,2026-06-29
33,7,dm-general,Thanks for the update!,2026-06-30 21:38:00,2026-06-30
34,2,group-project,"I'm good, working on the messenger project.",2026-06-30 15:17:00,2026-06-30
35,3,dm-general,Meeting at 5?,2026-06-30 09:31:00,2026-06-30
36,7,group-design,"Sure, I'll complete it today.",2026-06-30 10:35:00,2026-06-30
37,3,group-project,Great! Don't forget to add file sharing feature.,2026-06-30 16:01:00,2026-06-30
38,5,group-design,Meeting at 5?,2026-06-30 15:07:00,2026-06-30
39,9,dm-general,"I'm good, working on the messenger project.",2026-06-30 21:13:00,2026-06-30
40,6,group-design,Meeting at 5?,2026-06-30 18:06:00,2026-06-30
41,6,group-project,"Okay, sounds good.",2026-06-30 11:12:00,2026-06-30
42,4,group-design,No problem 👍,2026-06-30 22:59:00,2026-06-30
43,2,dm-general,Great! Don't forget to add file sharing feature.,2026-06-30 08:35:00,2026-06-30
44,7,dm-general,"I'm good, working on the messenger project.",2026-06-30 18:40:00,2026-06-30
45,4,group-project,"I'm good, working on the messenger project.",2026-06-30 19:18:00,2026-06-30
46,9,group-design,Thanks for the update!,2026-06-30 17:16:00,2026-06-30
47,5,dm-general,"Sounds good, checking now.",2026-06-30 11:54:00,2026-06-30
48,2,group-project,"Okay, sounds good.",2026-06-30 11:35:00,2026-06-30
49,6,group-project,Let's connect later.,2026-07-01 19:19:00,2026-07-01
50,2,dm-general,Great! Don't forget to add file sharing feature.,2026-07-01 15:45:00,2026-07-01
51,1,dm-general,Meeting at 5?,2026-07-01 10:02:00,2026-07-01
52,6,dm-general,Great! Don't forget to add file sharing feature.,2026-07-01 14:58:00,2026-07-01
53,6,dm-general,No problem 👍,2026-07-01 14:24:00,2026-07-01
54,10,dm-general,Can you review my PR?,2026-07-01 19:55:00,2026-07-01
55,9,group-design,No problem 👍,2026-07-01 17:05:00,2026-07-01
56,2,group-project,Can you review my PR?,2026-07-01 16:39:00,2026-07-01
57,9,group-design,Thanks for the update!,2026-07-01 11:21:00,2026-07-01
58,6,group-design,"Sure, I'll complete it today.",2026-07-01 10:13:00,2026-07-01
59,5,group-design,Great! Don't forget to add file sharing feature.,2026-07-01 15:05:00,2026-07-01
60,7,group-project,Let's connect later.,2026-07-01 15:28:00,2026-07-01
61,3,dm-general,"Yep, see you then.",2026-07-01 10:45:00,2026-07-01
62,10,group-design,Thanks for the update!,2026-07-01 09:53:00,2026-07-01
63,3,group-project,Meeting at 5?,2026-07-01 11:23:00,2026-07-01
64,6,group-project,No problem 👍,2026-07-01 16:24:00,2026-07-01
65,8,dm-general,"Sounds good, checking now.",2026-07-01 18:42:00,2026-07-01
66,3,group-design,"Sure, I'll complete it today.",2026-07-01 15:10:00,2026-07-01
67,7,group-project,"Okay, sounds good.",2026-07-02 09:31:00,2026-07-02
68,10,group-design,Let's connect later.,2026-07-02 11:57:00,2026-07-02
69,10,group-design,"I'm good, working on the messenger project.",2026-07-02 11:05:00,2026-07-02
70,6,dm-general,Hey! How are you?,2026-07-02 12:06:00,2026-07-02
71,4,group-design,"I'm good, working on the messenger project.",2026-07-02 19:48:00,2026-07-02
72,5,dm-general,Let's connect later.,2026-07-02 10:15:00,2026-07-02
73,8,group-project,"Okay, sounds good.",2026-07-02 10:48:00,2026-07-02
74,9,group-design,"Yep, see you then.",2026-07-02 13:41:00,2026-07-02
75,5,group-design,"Sure, I'll complete it today.",2026-07-02 17:07:00,2026-07-02
76,9,dm-general,Hey! How are you?,2026-07-02 09:55:00,2026-07-02
77,4,dm-general,Great! Don't forget to add file sharing feature.,2026-07-02 13:51:00,2026-07-02
78,8,dm-general,Can you review my PR?,2026-07-02 21:22:00,2026-07-02
79,2,dm-general,"Sure, I'll complete it today.",2026-07-02 15:26:00,2026-07-02
80,7,group-project,"Okay, sounds good.",2026-07-02 07:43:00,2026-07-02
81,2,group-design,Hey! How are you?,2026-07-02 14:32:00,2026-07-02
82,10,group-design,Great! Don't forget to add file sharing feature.,2026-07-02 13:01:00,2026-07-02
83,2,group-project,"Okay, sounds good.",2026-07-03 20:45:00,2026-07-03
84,1,group-project,Thanks for the update!,2026-07-03 09:00:00,2026-07-03
85,2,dm-general,Thanks for the update!,2026-07-03 08:22:00,2026-07-03
86,4,dm-general,"Yep, see you then.",2026-07-03 09:55:00,2026-07-03
87,1,group-design,Great! Don't forget to add file sharing feature.,2026-07-03 16:09:00,2026-07-03
88,1,group-design,"I'm good, working on the messenger project.",2026-07-03 10:31:00,2026-07-03
89,3,group-project,"I'm good, working on the messenger project.",2026-07-03 08:03:00,2026-07-03
90,7,group-project,"Sure, I'll complete it today.",2026-07-03 19:58:00,2026-07-03
91,3,group-project,"Yep, see you then.",2026-07-03 14:46:00,2026-07-03
92,10,group-project,Meeting at 5?,2026-07-03 10:36:00,2026-07-03
93,10,group-project,"I'm good, working on the messenger project.",2026-07-03 07:00:00,2026-07-03
94,1,dm-general,"Okay, sounds good.",2026-07-03 15:05:00,2026-07-03
95,9,group-project,Can you review my PR?,2026-07-03 13:45:00,2026-07-03
96,3,group-project,"I'm good, working on the messenger project.",2026-07-03 17:58:00,2026-07-03
97,5,group-project,"I'm good, working on the messenger project.",2026-07-03 19:01:00,2026-07-03
98,2,group-design,Thanks for the update!,2026-07-03 20:24:00,2026-07-03
99,1,group-project,"Yep, see you then.",2026-07-03 15:35:00,2026-07-03
100,4,group-design,Meeting at 5?,2026-07-03 09:50:00,2026-07-03
101,10,group-design,"Yep, see you then.",2026-07-03 22:21:00,2026-07-03
102,9,group-design,Meeting at 5?,2026-07-03 07:25:00,2026-07-03
103,8,group-design,"Sure, I'll complete it today.",2026-07-03 13:46:00,2026-07-03
104,6,dm-general,"Okay, sounds good.",2026-07-03 18:08:00,2026-07-03
105,5,dm-general,Let's connect later.,2026-07-03 08:41:00,2026-07-03
106,5,group-project,Meeting at 5?,2026-07-03 15:07:00,2026-07-03
107,7,group-design,"Sure, I'll complete it today.",2026-07-03 19:33:00,2026-07-03
108,6,group-design,"Okay, sounds good.",2026-07-04 15:46:00,2026-07-04
109,8,group-project,"I'm good, working on the messenger project.",2026-07-04 18:18:00,2026-07-04
110,6,group-design,Meeting at 5?,2026-07-04 15:34:00,2026-07-04
111,8,dm-general,Meeting at 5?,2026-07-04 16:16:00,2026-07-04
112,9,group-design,Thanks for the update!,2026-07-04 15:50:00,2026-07-04
113,1,group-project,"Sounds good, checking now.",2026-07-04 12:37:00,2026-07-04
114,8,group-project,Thanks for the update!,2026-07-04 08:47:00,2026-07-04
115,8,group-design,Great! Don't forget to add file sharing feature.,2026-07-04 21:48:00,2026-07-04
116,3,dm-general,"Yep, see you then.",2026-07-04 14:48:00,2026-07-04
117,2,dm-general,Great! Don't forget to add file sharing feature.,2026-07-04 13:23:00,2026-07-04
118,3,group-design,"Sure, I'll complete it today.",2026-07-04 14:22:00,2026-07-04
119,9,group-project,Meeting at 5?,2026-07-04 19:54:00,2026-07-04
120,5,dm-general,"I'm good, working on the messenger project.",2026-07-04 08:12:00,2026-07-04
121,4,group-design,Can you review my PR?,2026-07-04 19:04:00,2026-07-04
122,6,group-project,No problem 👍,2026-07-04 20:08:00,2026-07-04
123,9,group-design,Hey! How are you?,2026-07-04 14:54:00,2026-07-04
124,3,group-design,Hey! How are you?,2026-07-04 14:55:00,2026-07-04
125,4,group-design,Thanks for the update!,2026-07-04 18:50:00,2026-07-04
126,6,dm-general,No problem 👍,2026-07-05 13:29:00,2026-07-05
127,6,group-project,Can you review my PR?,2026-07-05 19:14:00,2026-07-05
128,9,dm-general,"Yep, see you then.",2026-07-05 12:51:00,2026-07-05
129,4,dm-general,Meeting at 5?,2026-07-05 19:19:00,2026-07-05
130,3,group-design,Great! Don't forget to add file sharing feature.,2026-07-05 09:08:00,2026-07-05
131,1,group-project,"Okay, sounds good.",2026-07-05 07:26:00,2026-07-05
132,6,group-project,"Yep, see you then.",2026-07-05 08:48:00,2026-07-05
133,9,group-design,No problem 👍,2026-07-05 11:11:00,2026-07-05
134,5,group-project,"I'm good, working on the messenger project.",2026-07-05 18:17:00,2026-07-05
135,9,dm-general,Meeting at 5?,2026-07-05 19:48:00,2026-07-05
136,5,group-design,Great! Don't forget to add file sharing feature.,2026-07-05 22:53:00,2026-07-05
137,3,dm-general,"Sounds good, checking now.",2026-07-05 09:57:00,2026-07-05
138,5,group-design,"Okay, sounds good.",2026-07-05 20:04:00,2026-07-05
139,7,dm-general,Let's connect later.,2026-07-05 08:26:00,2026-07-05
140,7,dm-general,"Sure, I'll complete it today.",2026-07-05 20:14:00,2026-07-05
141,10,group-project,Let's connect later.,2026-07-06 13:44:00,2026-07-06
142,4,dm-general,Can you review my PR?,2026-07-06 07:43:00,2026-07-06
143,5,group-design,Thanks for the update!,2026-07-06 09:08:00,2026-07-06
144,8,dm-general,Great! Don't forget to add file sharing feature.,2026-07-06 18:43:00,2026-07-06
145,8,group-project,No problem 👍,2026-07-06 22:40:00,2026-07-06
146,5,dm-general,Let's connect later.,2026-07-06 22:09:00,2026-07-06
147,6,dm-general,No problem 👍,2026-07-06 07:48:00,2026-07-06
148,4,dm-general,Can you review my PR?,2026-07-06 17:18:00,2026-07-06
149,7,group-project,Hey! How are you?,2026-07-06 18:50:00,2026-07-06
150,6,group-design,"Yep, see you then.",2026-07-06 22:22:00,2026-07-06
151,6,group-design,"Yep, see you then.",2026-07-06 14:28:00,2026-07-06
152,8,group-project,Great! Don't forget to add file sharing feature.,2026-07-06 13:58:00,2026-07-06
153,4,group-design,"Sure, I'll complete it today.",2026-07-06 12:33:00,2026-07-06
154,5,dm-general,"Sure, I'll complete it today.",2026-07-06 10:25:00,2026-07-06
155,9,dm-general,Great! Don't forget to add file sharing feature.,2026-07-06 08:47:00,2026-07-06
156,1,dm-general,Great! Don't forget to add file sharing feature.,2026-07-06 20:46:00,2026-07-06
157,1,group-design,"Sure, I'll complete it today.",2026-07-06 15:39:00,2026-07-06
158,3,group-project,No problem 👍,2026-07-06 14:48:00,2026-07-06
159,3,group-design,"Okay, sounds good.",2026-07-06 09:39:00,2026-07-06
160,10,group-design,Hey! How are you?,2026-07-06 12:58:00,2026-07-06
161,2,group-project,"I'm good, working on the messenger project.",2026-07-06 18:46:00,2026-07-06
162,7,group-design,Can you review my PR?,2026-07-06 22:12:00,2026-07-06
163,1,group-project,No problem 👍,2026-07-06 19:43:00,2026-07-06
164,5,dm-general,Great! Don't forget to add file sharing feature.,2026-07-06 09:49:00,2026-07-06
165,1,group-project,Thanks for the update!,2026-07-06 10:05:00,2026-07-06
166,8,group-project,"Yep, see you then.",2026-07-06 20:04:00,2026-07-06
167,8,group-design,Let's connect later.,2026-07-07 21:29:00,2026-07-07
168,8,dm-general,"Sure, I'll complete it today.",2026-07-07 17:44:00,2026-07-07
169,9,dm-general,"Okay, sounds good.",2026-07-07 09:31:00,2026-07-07
170,2,group-project,"Sure, I'll complete it today.",2026-07-07 16:11:00,2026-07-07
171,7,group-project,"Okay, sounds good.",2026-07-07 18:52:00,2026-07-07
172,2,group-design,Let's connect later.,2026-07-07 22:04:00,2026-07-07
173,3,group-design,Great! Don't forget to add file sharing feature.,2026-07-07 12:10:00,2026-07-07
174,8,dm-general,Can you review my PR?,2026-07-07 21:22:00,2026-07-07
175,1,group-design,Can you review my PR?,2026-07-07 14:45:00,2026-07-07
176,7,group-design,No problem 👍,2026-07-07 15:56:00,2026-07-07
177,8,group-design,"I'm good, working on the messenger project.",2026-07-07 12:15:00,2026-07-07
178,6,dm-general,"Yep, see you then.",2026-07-07 12:32:00,2026-07-07
179,9,group-design,"Okay, sounds good.",2026-07-07 17:27:00,2026-07-07
180,6,dm-general,"Sure, I'll complete it today.",2026-07-07 10:59:00,2026-07-07
181,5,group-design,Can you review my PR?,2026-07-07 14:50:00,2026-07-07
182,2,group-project,Let's connect later.,2026-07-07 19:25:00,2026-07-07
183,5,group-project,Thanks for the update!,2026-07-07 11:28:00,2026-07-07
184,10,group-design,"Sure, I'll complete it today.",2026-07-07 16:04:00,2026-07-07
185,10,dm-general,Great! Don't forget to add file sharing feature.,2026-07-07 08:37:00,2026-07-07
186,2,group-project,Great! Don't forget to add file sharing feature.,2026-07-07 20:53:00,2026-07-07
187,7,group-design,"Yep, see you then.",2026-07-07 16:54:00,2026-07-07
188,9,group-design,"I'm good, working on the messenger project.",2026-07-08 07:01:00,2026-07-08
189,8,group-project,Meeting at 5?,2026-07-08 17:56:00,2026-07-08
190,2,group-design,"Okay, sounds good.",2026-07-08 18:47:00,2026-07-08
191,10,group-project,"Sounds good, checking now.",2026-07-08 07:05:00,2026-07-08
192,1,group-design,Thanks for the update!,2026-07-08 17:44:00,2026-07-08
193,9,dm-general,Can you review my PR?,2026-07-08 18:33:00,2026-07-08
194,5,group-design,Meeting at 5?,2026-07-08 07:21:00,2026-07-08
195,1,group-project,Meeting at 5?,2026-07-08 13:34:00,2026-07-08
196,3,group-design,Hey! How are you?,2026-07-08 20:19:00,2026-07-08
197,1,group-project,Great! Don't forget to add file sharing feature.,2026-07-08 20:55:00,2026-07-08
198,1,group-design,"Yep, see you then.",2026-07-08 19:19:00,2026-07-08
199,10,group-project,"I'm good, working on the messenger project.",2026-07-08 16:30:00,2026-07-08
200,5,group-design,Thanks for the update!,2026-07-08 18:17:00,2026-07-08
201,10,group-design,Meeting at 5?,2026-07-08 15:41:00,2026-07-08
202,2,group-project,No problem 👍,2026-07-08 10:00:00,2026-07-08
203,9,dm-general,"I'm good, working on the messenger project.",2026-07-08 17:56:00,2026-07-08
204,1,group-project,Let's connect later.,2026-07-08 21:00:00,2026-07-08
205,6,group-project,Meeting at 5?,2026-07-08 22:40:00,2026-07-08
206,5,group-design,"Sounds good, checking now.",2026-07-08 19:50:00,2026-07-08
207,5,dm-general,Can you review my PR?,2026-07-08 15:07:00,2026-07-08
208,4,group-design,Meeting at 5?,2026-07-08 17:15:00,2026-07-08
209,4,group-project,"Sure, I'll complete it today.",2026-07-08 20:31:00,2026-07-08
210,5,group-design,Great! Don't forget to add file sharing feature.,2026-07-09 08:36:00,2026-07-09
211,1,group-design,Meeting at 5?,2026-07-09 21:44:00,2026-07-09
212,1,dm-general,No problem 👍,2026-07-09 14:18:00,2026-07-09
213,7,dm-general,No problem 👍,2026-07-09 18:21:00,2026-07-09
214,9,group-project,"Sounds good, checking now.",2026-07-09 16:34:00,2026-07-09
215,2,group-project,Let's connect later.,2026-07-09 11:06:00,2026-07-09
216,7,group-project,"Sounds good, checking now.",2026-07-09 10:06:00,2026-07-09
217,7,dm-general,Hey! How are you?,2026-07-09 13:31:00,2026-07-09
218,5,group-design,"Yep, see you then.",2026-07-09 15:33:00,2026-07-09
219,6,group-design,"Okay, sounds good.",2026-07-09 15:53:00,2026-07-09
220,7,group-design,"Okay, sounds good.",2026-07-09 19:38:00,2026-07-09
221,7,dm-general,"I'm good, working on the messenger project.",2026-07-09 15:02:00,2026-07-09
222,10,group-design,Let's connect later.,2026-07-09 15:10:00,2026-07-09
223,7,group-design,No problem 👍,2026-07-09 16:13:00,2026-07-09
224,6,dm-general,"Sounds good, checking now.",2026-07-09 10:24:00,2026-07-09
225,9,group-project,Meeting at 5?,2026-07-09 21:11:00,2026-07-09
226,1,group-design,Can you review my PR?,2026-07-09 17:21:00,2026-07-09
227,4,dm-general,Can you review my PR?,2026-07-09 13:19:00,2026-07-09
228,7,dm-general,"Yep, see you then.",2026-07-09 07:25:00,2026-07-09
229,7,dm-general,Thanks for the update!,2026-07-09 14:34:00,2026-07-09
230,6,group-project,Great! Don't forget to add file sharing feature.,2026-07-09 20:59:00,2026-07-09
231,4,group-project,"I'm good, working on the messenger project.",2026-07-09 11:59:00,2026-07-09
232,3,group-design,Thanks for the update!,2026-07-09 12:50:00,2026-07-09
233,10,group-design,Let's connect later.,2026-07-09 09:46:00,2026-07-09
234,10,group-project,Thanks for the update!,2026-07-09 11:18:00,2026-07-09
235,2,dm-general,No problem 👍,2026-07-09 08:38:00,2026-07-09
236,2,group-design,No problem 👍,2026-07-09 20:09:00,2026-07-09
237,10,group-project,"Sure, I'll complete it today.",2026-07-09 19:35:00,2026-07-09
238,4,group-project,Meeting at 5?,2026-07-09 16:06:00,2026-07-09
239,2,dm-general,"I'm good, working on the messenger project.",2026-07-10 17:26:00,2026-07-10
240,8,dm-general,"Sure, I'll complete it today.",2026-07-10 09:09:00,2026-07-10
241,3,group-project,Let's connect later.,2026-07-10 13:14:00,2026-07-10
242,6,group-design,"Okay, sounds good.",2026-07-10 17:56:00,2026-07-10
243,3,group-project,"Sure, I'll complete it today.",2026-07-10 17:58:00,2026-07-10
244,7,group-project,No problem 👍,2026-07-10 15:37:00,2026-07-10
245,10,group-project,Can you review my PR?,2026-07-10 10:24:00,2026-07-10
246,4,dm-general,Let's connect later.,2026-07-10 16:26:00,2026-07-10
247,6,group-project,"Okay, sounds good.",2026-07-10 20:21:00,2026-07-10
248,5,group-project,"Yep, see you then.",2026-07-10 16:55:00,2026-07-10
249,6,group-project,Great! Don't forget to add file sharing feature.,2026-07-10 07:17:00,2026-07-10
250,7,group-design,No problem 👍,2026-07-10 20:27:00,2026-07-10
251,5,group-project,"Sounds good, checking now.",2026-07-10 09:58:00,2026-07-10
252,4,dm-general,Meeting at 5?,2026-07-10 12:07:00,2026-07-10
253,1,group-project,Can you review my PR?,2026-07-10 19:17:00,2026-07-10
254,9,group-design,Can you review my PR?,2026-07-10 16:51:00,2026-07-10
255,4,group-project,"Sounds good, checking now.",2026-07-10 14:27:00,2026-07-10
256,8,dm-general,Meeting at 5?,2026-07-10 19:36:00,2026-07-10
257,7,group-project,Can you review my PR?,2026-07-10 13:45:00,2026-07-10
258,7,dm-general,Great! Don't forget to add file sharing feature.,2026-07-10 20:24:00,2026-07-10
259,2,dm-general,"I'm good, working on the messenger project.",2026-07-10 10:03:00,2026-07-10
260,7,group-design,"Yep, see you then.",2026-07-10 08:02:00,2026-07-10
261,5,group-design,Meeting at 5?,2026-07-10 21:29:00,2026-07-10
262,8,group-project,Hey! How are you?,2026-07-10 18:57:00,2026-07-10
263,6,group-design,"Okay, sounds good.",2026-07-10 14:39:00,2026-07-10
264,4,group-design,Hey! How are you?,2026-07-10 18:38:00,2026-07-10
265,9,group-design,Great! Don't forget to add file sharing feature.,2026-07-10 15:46:00,2026-07-10
266,2,group-project,"Sure, I'll complete it today.",2026-07-10 15:52:00,2026-07-10
267,1,group-project,Hey! How are you?,2026-07-10 11:13:00,2026-07-10
268,5,dm-general,Meeting at 5?,2026-07-10 14:52:00,2026-07-10
269,1,group-project,Great! Don't forget to add file sharing feature.,2026-07-10 13:51:00,2026-07-10
270,6,dm-general,Let's connect later.,2026-07-10 16:14:00,2026-07-10
271,2,group-project,Great! Don't forget to add file sharing feature.,2026-07-10 18:45:00,2026-07-10
272,4,group-design,Hey! How are you?,2026-07-10 18:01:00,2026-07-10
273,2,dm-general,Let's connect later.,2026-07-11 19:57:00,2026-07-11
274,10,group-project,"Sure, I'll complete it today.",2026-07-11 07:32:00,2026-07-11
275,10,dm-general,Thanks for the update!,2026-07-11 21:57:00,2026-07-11
276,6,dm-general,Great! Don't forget to add file sharing feature.,2026-07-11 15:56:00,2026-07-11
277,4,group-project,Meeting at 5?,2026-07-11 12:31:00,2026-07-11
278,2,dm-general,"I'm good, working on the messenger project.",2026-07-11 13:48:00,2026-07-11
279,3,group-project,"Sure, I'll complete it today.",2026-07-11 20:38:00,2026-07-11
280,4,dm-general,Thanks for the update!,2026-07-11 07:27:00,2026-07-11
281,7,group-project,Hey! How are you?,2026-07-11 17:57:00,2026-07-11
282,1,dm-general,"I'm good, working on the messenger project.",2026-07-11 07:03:00,2026-07-11
283,9,group-project,Thanks for the update!,2026-07-11 08:54:00,2026-07-11
284,2,group-design,Can you review my PR?,2026-07-11 18:58:00,2026-07-11
285,5,dm-general,Meeting at 5?,2026-07-11 10:32:00,2026-07-11
286,10,group-project,"Sounds good, checking now.",2026-07-11 15:04:00,2026-07-11
287,6,dm-general,"Sounds good, checking now.",2026-07-11 17:51:00,2026-07-11
288,2,group-design,"Sounds good, checking now.",2026-07-12 08:36:00,2026-07-12
289,7,dm-general,Let's connect later.,2026-07-12 22:04:00,2026-07-12
290,10,group-project,"I'm good, working on the messenger project.",2026-07-12 07:49:00,2026-07-12
291,3,group-design,"Sure, I'll complete it today.",2026-07-12 09:21:00,2026-07-12
292,6,dm-general,Great! Don't forget to add file sharing feature.,2026-07-12 22:42:00,2026-07-12
293,2,dm-general,Can you review my PR?,2026-07-12 15:58:00,2026-07-12
294,9,group-project,Thanks for the update!,2026-07-12 21:02:00,2026-07-12
295,4,dm-general,No problem 👍,2026-07-12 16:48:00,2026-07-12
296,9,group-project,"I'm good, working on the messenger project.",2026-07-12 15:47:00,2026-07-12
297,1,dm-general,Hey! How are you?,2026-07-12 15:15:00,2026-07-12
298,1,group-design,Thanks for the update!,2026-07-12 19:38:00,2026-07-12
299,5,group-design,Thanks for the update!,2026-07-12 11:09:00,2026-07-12
300,2,group-design,Let's connect later.,2026-07-12 08:25:00,2026-07-12
301,1,group-project,"Sounds good, checking now.",2026-07-12 08:09:00,2026-07-12
302,1,group-project,Thanks for the update!,2026-07-12 18:49:00,2026-07-12
303,4,dm-general,"I'm good, working on the messenger project.",2026-07-12 15:18:00,2026-07-12
304,9,group-design,"Sure, I'll complete it today.",2026-07-12 20:58:00,2026-07-12
305,1,group-design,Hey! How are you?,2026-07-12 18:01:00,2026-07-12
306,4,group-design,Can you review my PR?,2026-07-12 09:41:00,2026-07-12
307,2,dm-general,"Okay, sounds good.",2026-07-12 22:31:00,2026-07-12
308,9,group-design,"Sure, I'll complete it today.",2026-07-12 16:29:00,2026-07-12
309,9,group-design,Thanks for the update!,2026-07-12 11:55:00,2026-07-12
310,5,group-design,Can you review my PR?,2026-07-13 17:59:00,2026-07-13
311,2,dm-general,Let's connect later.,2026-07-13 18:21:00,2026-07-13
312,7,group-design,"Sure, I'll complete it today.",2026-07-13 07:13:00,2026-07-13
313,2,dm-general,Can you review my PR?,2026-07-13 08:53:00,2026-07-13
314,6,group-project,Hey! How are you?,2026-07-13 15:07:00,2026-07-13
315,6,group-project,Let's connect later.,2026-07-13 09:38:00,2026-07-13
316,3,group-design,Let's connect later.,2026-07-13 22:58:00,2026-07-13
317,4,group-project,"I'm good, working on the messenger project.",2026-07-13 10:23:00,2026-07-13
318,6,dm-general,Let's connect later.,2026-07-13 13:28:00,2026-07-13
319,9,group-project,Let's connect later.,2026-07-13 18:25:00,2026-07-13
320,8,group-project,"Okay, sounds good.",2026-07-13 16:20:00,2026-07-13
321,10,group-design,"I'm good, working on the messenger project.",2026-07-13 12:06:00,2026-07-13
322,6,dm-general,Meeting at 5?,2026-07-13 09:25:00,2026-07-13
323,9,dm-general,"I'm good, working on the messenger project.",2026-07-13 07:03:00,2026-07-13
324,1,dm-general,"Yep, see you then.",2026-07-13 15:36:00,2026-07-13
325,8,group-project,Hey! How are you?,2026-07-13 19:34:00,2026-07-13
326,8,dm-general,Let's connect later.,2026-07-13 15:11:00,2026-07-13
327,8,group-design,Let's connect later.,2026-07-13 14:49:00,2026-07-13
328,3,group-design,No problem 👍,2026-07-13 09:28:00,2026-07-13
329,8,group-design,"I'm good, working on the messenger project.",2026-07-13 13:22:00,2026-07-13
330,8,group-design,"Sure, I'll complete it today.",2026-07-13 11:26:00,2026-07-13
331,10,group-design,"Sounds good, checking now.",2026-07-13 16:49:00,2026-07-13
332,9,group-project,Great! Don't forget to add file sharing feature.,2026-07-13 10:45:00,2026-07-13
333,4,group-design,"Sounds good, checking now.",2026-07-13 08:03:00,2026-07-13
334,6,group-project,Can you review my PR?,2026-07-13 18:17:00,2026-07-13
335,2,group-design,"Yep, see you then.",2026-07-13 18:28:00,2026-07-13
336,5,group-design,"Okay, sounds good.",2026-07-13 12:28:00,2026-07-13
337,10,dm-general,Great! Don't forget to add file sharing feature.,2026-07-13 07:17:00,2026-07-13
338,2,dm-general,Thanks for the update!,2026-07-13 16:37:00,2026-07-13
339,5,dm-general,Great! Don't forget to add file sharing feature.,2026-07-13 09:38:00,2026-07-13
340,3,dm-general,Let's connect later.,2026-07-13 15:48:00,2026-07-13
341,3,dm-general,"Yep, see you then.",2026-07-13 19:40:00,2026-07-13
342,3,group-project,"Sounds good, checking now.",2026-07-13 20:28:00,2026-07-13
343,7,group-project,Let's connect later.,2026-07-13 11:21:00,2026-07-13
344,3,group-design,Can you review my PR?,2026-07-13 19:35:00,2026-07-13
345,7,dm-general,No problem 👍,2026-07-13 20:06:00,2026-07-13
346,5,group-project,Can you review my PR?,2026-07-14 11:13:00,2026-07-14
347,7,dm-general,Hey! How are you?,2026-07-14 18:10:00,2026-07-14
348,2,group-project,Let's connect later.,2026-07-14 08:58:00,2026-07-14
349,5,group-project,"Okay, sounds good.",2026-07-14 08:17:00,2026-07-14
350,5,dm-general,Hey! How are you?,2026-07-14 08:42:00,2026-07-14
351,9,group-project,Can you review my PR?,2026-07-14 15:08:00,2026-07-14
352,3,group-design,Meeting at 5?,2026-07-14 13:47:00,2026-07-14
353,1,dm-general,"I'm good, working on the messenger project.",2026-07-14 09:22:00,2026-07-14
354,7,group-project,Can you review my PR?,2026-07-14 12:59:00,2026-07-14
355,2,group-design,Can you review my PR?,2026-07-14 09:52:00,2026-07-14
356,3,group-project,"Okay, sounds good.",2026-07-14 10:47:00,2026-07-14
357,4,dm-general,"Sure, I'll complete it today.",2026-07-14 20:30:00,2026-07-14
358,6,group-design,"Yep, see you then.",2026-07-14 12:41:00,2026-07-14
359,9,dm-general,"I'm good, working on the messenger project.",2026-07-14 11:50:00,2026-07-14
360,4,group-design,Hey! How are you?,2026-07-14 20:40:00,2026-07-14
361,10,group-project,"Okay, sounds good.",2026-07-14 20:38:00,2026-07-14
362,3,group-design,Great! Don't forget to add file sharing feature.,2026-07-14 12:21:00,2026-07-14
363,6,group-project,Can you review my PR?,2026-07-14 18:51:00,2026-07-14
364,3,group-project,Meeting at 5?,2026-07-14 13:20:00,2026-07-14
365,4,group-project,No problem 👍,2026-07-14 08:23:00,2026-07-14
366,7,group-design,"Okay, sounds good.",2026-07-14 11:32:00,2026-07-14
367,5,group-project,"Sounds good, checking now.",2026-07-14 16:12:00,2026-07-14
368,8,group-design,"I'm good, working on the messenger project.",2026-07-14 08:01:00,2026-07-14
369,10,group-design,"Yep, see you then.",2026-07-14 12:09:00,2026-07-14
370,1,group-design,Great! Don't forget to add file sharing feature.,2026-07-14 18:07:00,2026-07-14
371,8,dm-general,Let's connect later.,2026-07-14 12:56:00,2026-07-14
372,1,dm-general,"Sounds good, checking now.",2026-07-14 14:29:00,2026-07-14
373,7,group-design,"Okay, sounds good.",2026-07-14 12:09:00,2026-07-14
374,8,group-project,Can you review my PR?,2026-07-14 17:52:00,2026-07-14
375,10,group-design,"Sure, I'll complete it today.",2026-07-14 16:10:00,2026-07-14
376,8,group-project,"I'm good, working on the messenger project.",2026-07-15 14:08:00,2026-07-15
377,9,group-design,No problem 👍,2026-07-15 12:19:00,2026-07-15
378,2,group-design,Meeting at 5?,2026-07-15 18:46:00,2026-07-15
379,5,dm-general,Hey! How are you?,2026-07-15 09:38:00,2026-07-15
380,8,dm-general,Can you review my PR?,2026-07-15 17:23:00,2026-07-15
381,9,group-design,"Yep, see you then.",2026-07-15 18:25:00,2026-07-15
382,5,dm-general,Great! Don't forget to add file sharing feature.,2026-07-15 10:56:00,2026-07-15
383,5,dm-general,Meeting at 5?,2026-07-15 15:22:00,2026-07-15
384,8,group-project,No problem 👍,2026-07-15 21:57:00,2026-07-15
385,5,group-project,Meeting at 5?,2026-07-15 22:36:00,2026-07-15
386,1,dm-general,Can you review my PR?,2026-07-15 07:43:00,2026-07-15
387,3,dm-general,Great! Don't forget to add file sharing feature.,2026-07-15 11:31:00,2026-07-15
388,1,group-design,Great! Don't forget to add file sharing feature.,2026-07-15 07:13:00,2026-07-15
389,2,dm-general,"Okay, sounds good.",2026-07-15 15:24:00,2026-07-15
390,2,group-project,No problem 👍,2026-07-15 17:55:00,2026-07-15
391,6,group-design,"Yep, see you then.",2026-07-15 22:31:00,2026-07-15
392,4,dm-general,"Okay, sounds good.",2026-07-15 18:14:00,2026-07-15
393,8,group-project,Thanks for the update!,2026-07-15 22:38:00,2026-07-15
394,7,group-design,Great! Don't forget to add file sharing feature.,2026-07-15 10:09:00,2026-07-15
395,10,group-project,"Okay, sounds good.",2026-07-15 10:03:00,2026-07-15
396,3,group-design,"Yep, see you then.",2026-07-15 12:55:00,2026-07-15
397,2,group-project,"Yep, see you then.",2026-07-15 12:39:00,2026-07-15
398,3,group-project,No problem 👍,2026-07-15 11:35:00,2026-07-15
399,10,dm-general,"Sounds good, checking now.",2026-07-15 15:10:00,2026-07-15
400,10,group-project,Hey! How are you?,2026-07-15 18:20:00,2026-07-15
401,2,dm-general,"Sure, I'll complete it today.",2026-07-15 13:22:00,2026-07-15
402,5,group-project,"Okay, sounds good.",2026-07-15 09:12:00,2026-07-15
403,10,dm-general,"Okay, sounds good.",2026-07-15 20:44:00,2026-07-15
404,7,dm-general,"Okay, sounds good.",2026-07-15 17:43:00,2026-07-15
405,4,dm-general,Meeting at 5?,2026-07-15 12:07:00,2026-07-15
406,9,dm-general,"I'm good, working on the messenger project.",2026-07-16 09:18:00,2026-07-16
407,8,group-project,Can you review my PR?,2026-07-16 14:40:00,2026-07-16
408,6,group-design,Great! Don't forget to add file sharing feature.,2026-07-16 18:23:00,2026-07-16
409,5,group-design,"Sure, I'll complete it today.",2026-07-16 17:57:00,2026-07-16
410,8,dm-general,Great! Don't forget to add file sharing feature.,2026-07-16 10:08:00,2026-07-16
411,1,group-design,"Sounds good, checking now.",2026-07-16 21:23:00,2026-07-16
412,2,dm-general,Thanks for the update!,2026-07-16 14:53:00,2026-07-16
413,10,group-design,"Okay, sounds good.",2026-07-16 16:53:00,2026-07-16
414,10,group-project,"Yep, see you then.",2026-07-16 13:00:00,2026-07-16
415,7,dm-general,"Sounds good, checking now.",2026-07-16 21:53:00,2026-07-16
416,10,group-design,Let's connect later.,2026-07-16 14:08:00,2026-07-16
417,5,group-project,"Sounds good, checking now.",2026-07-16 07:56:00,2026-07-16
418,4,group-project,"I'm good, working on the messenger project.",2026-07-16 21:32:00,2026-07-16
419,9,group-design,Can you review my PR?,2026-07-16 09:03:00,2026-07-16
420,6,group-design,Thanks for the update!,2026-07-16 08:05:00,2026-07-16
421,6,dm-general,"Sure, I'll complete it today.",2026-07-16 15:49:00,2026-07-16
422,8,group-project,Meeting at 5?,2026-07-16 13:39:00,2026-07-16
423,1,group-design,Great! Don't forget to add file sharing feature.,2026-07-16 07:30:00,2026-07-16
424,5,group-project,"Sounds good, checking now.",2026-07-16 13:41:00,2026-07-16
425,8,group-design,"Sounds good, checking now.",2026-07-16 09:57:00,2026-07-16
426,8,group-project,Hey! How are you?,2026-07-16 10:11:00,2026-07-16
427,2,dm-general,"Sounds good, checking now.",2026-07-16 16:08:00,2026-07-16
428,5,dm-general,Can you review my PR?,2026-07-16 17:11:00,2026-07-16
429,8,dm-general,Hey! How are you?,2026-07-16 16:08:00,2026-07-16
430,5,group-project,Great! Don't forget to add file sharing feature.,2026-07-16 14:19:00,2026-07-16
431,10,dm-general,"Yep, see you then.",2026-07-16 14:50:00,2026-07-16
432,1,dm-general,Can you review my PR?,2026-07-16 08:28:00,2026-07-16
433,10,group-design,Thanks for the update!,2026-07-16 11:33:00,2026-07-16
434,8,dm-general,Thanks for the update!,2026-07-16 19:14:00,2026-07-16
435,5,group-design,Let's connect later.,2026-07-16 14:09:00,2026-07-16
436,9,dm-general,"Yep, see you then.",2026-07-16 21:36:00,2026-07-16
437,2,group-design,Can you review my PR?,2026-07-16 12:09:00,2026-07-16
438,7,group-project,No problem 👍,2026-07-17 16:14:00,2026-07-17
439,4,dm-general,Meeting at 5?,2026-07-17 11:23:00,2026-07-17
440,2,group-design,"Yep, see you then.",2026-07-17 19:59:00,2026-07-17
441,3,group-project,Let's connect later.,2026-07-17 12:21:00,2026-07-17
442,7,dm-general,Meeting at 5?,2026-07-17 11:24:00,2026-07-17
443,10,group-project,"Okay, sounds good.",2026-07-17 22:28:00,2026-07-17
444,3,group-project,Thanks for the update!,2026-07-17 21:12:00,2026-07-17
445,10,group-project,Thanks for the update!,2026-07-17 16:22:00,2026-07-17
446,10,group-design,"Sure, I'll complete it today.",2026-07-17 12:44:00,2026-07-17
447,2,dm-general,Can you review my PR?,2026-07-17 09:52:00,2026-07-17
448,7,group-design,"Okay, sounds good.",2026-07-17 14:07:00,2026-07-17
449,8,group-design,"Okay, sounds good.",2026-07-17 17:07:00,2026-07-17
450,7,dm-general,Thanks for the update!,2026-07-17 19:12:00,2026-07-17
451,2,dm-general,Can you review my PR?,2026-07-17 08:03:00,2026-07-17
452,9,group-project,Let's connect later.,2026-07-17 13:31:00,2026-07-17
453,9,dm-general,"Sounds good, checking now.",2026-07-17 15:54:00,2026-07-17
454,5,dm-general,Great! Don't forget to add file sharing feature.,2026-07-17 13:48:00,2026-07-17
455,6,dm-general,Great! Don't forget to add file sharing feature.,2026-07-17 07:42:00,2026-07-17
456,1,group-design,Thanks for the update!,2026-07-17 22:58:00,2026-07-17
457,8,group-project,Great! Don't forget to add file sharing feature.,2026-07-17 10:02:00,2026-07-17
458,10,group-design,"Yep, see you then.",2026-07-17 19:03:00,2026-07-17
459,9,group-design,Meeting at 5?,2026-07-17 17:04:00,2026-07-17
460,5,group-design,"Okay, sounds good.",2026-07-17 21:34:00,2026-07-17
461,2,group-design,Can you review my PR?,2026-07-17 07:58:00,2026-07-17
462,9,group-project,Hey! How are you?,2026-07-17 09:18:00,2026-07-17
463,1,group-project,"Sure, I'll complete it today.",2026-07-17 11:41:00,2026-07-17
464,5,group-project,"Okay, sounds good.",2026-07-17 13:55:00,2026-07-17
465,4,dm-general,Let's connect later.,2026-07-17 10:38:00,2026-07-17
466,4,group-project,Meeting at 5?,2026-07-17 19:23:00,2026-07-17
467,4,dm-general,Let's connect later.,2026-07-17 16:35:00,2026-07-17
468,8,dm-general,Can you review my PR?,2026-07-17 20:44:00,2026-07-17
469,10,group-design,"Sounds good, checking now.",2026-07-17 19:38:00,2026-07-17
470,10,dm-general,Let's connect later.,2026-07-17 15:06:00,2026-07-17
471,7,dm-general,"Sounds good, checking now.",2026-07-17 08:50:00,2026-07-17
472,2,group-design,Meeting at 5?,2026-07-17 17:02:00,2026-07-17
473,6,group-project,"Yep, see you then.",2026-07-17 16:35:00,2026-07-17
474,10,group-project,Meeting at 5?,2026-07-17 13:00:00,2026-07-17
475,7,group-design,Hey! How are you?,2026-07-17 12:11:00,2026-07-17
476,6,dm-general,Great! Don't forget to add file sharing feature.,2026-07-17 07:39:00,2026-07-17
477,4,group-design,"Sure, I'll complete it today.",2026-07-17 11:30:00,2026-07-17
478,9,group-design,"I'm good, working on the messenger project.",2026-07-17 12:47:00,2026-07-17
479,8,group-project,No problem 👍,2026-07-17 22:25:00,2026-07-17
480,1,group-design,Meeting at 5?,2026-07-18 15:11:00,2026-07-18
481,10,dm-general,"Yep, see you then.",2026-07-18 21:35:00,2026-07-18
482,4,group-design,"Okay, sounds good.",2026-07-18 07:40:00,2026-07-18
483,1,group-project,"Okay, sounds good.",2026-07-18 15:48:00,2026-07-18
484,3,group-design,Meeting at 5?,2026-07-18 12:48:00,2026-07-18
485,3,dm-general,No problem 👍,2026-07-18 07:50:00,2026-07-18
486,9,group-project,Let's connect later.,2026-07-18 17:26:00,2026-07-18
487,3,group-project,"Okay, sounds good.",2026-07-18 08:35:00,2026-07-18
488,6,group-design,Let's connect later.,2026-07-18 08:00:00,2026-07-18
489,6,group-design,"Sounds good, checking now.",2026-07-18 19:32:00,2026-07-18
490,3,group-design,Great! Don't forget to add file sharing feature.,2026-07-18 19:29:00,2026-07-18
491,4,group-design,Great! Don't forget to add file sharing feature.,2026-07-18 17:25:00,2026-07-18
492,4,group-project,Thanks for the update!,2026-07-18 17:53:00,2026-07-18
493,6,group-project,"Yep, see you then.",2026-07-18 07:47:00,2026-07-18
494,8,group-design,Can you review my PR?,2026-07-18 13:31:00,2026-07-18
495,2,group-project,Thanks for the update!,2026-07-18 14:55:00,2026-07-18
496,5,group-project,Hey! How are you?,2026-07-18 20:43:00,2026-07-18
497,7,dm-general,Let's connect later.,2026-07-18 21:08:00,2026-07-18
498,10,group-design,Meeting at 5?,2026-07-18 20:18:00,2026-07-18
499,4,dm-general,Thanks for the update!,2026-07-18 22:23:00,2026-07-18
500,9,group-project,Hey! How are you?,2026-07-18 13:59:00,2026-07-18
501,6,dm-general,"Sounds good, checking now.",2026-07-18 13:41:00,2026-07-18
502,5,dm-general,Hey! How are you?,2026-07-18 08:03:00,2026-07-18
503,4,dm-general,Meeting at 5?,2026-07-18 17:18:00,2026-07-18
504,1,group-project,Thanks for the update!,2026-07-18 08:44:00,2026-07-18
505,1,group-project,"Sounds good, checking now.",2026-07-18 07:37:00,2026-07-18
506,2,group-project,Great! Don't forget to add file sharing feature.,2026-07-18 13:34:00,2026-07-18
507,3,dm-general,Let's connect later.,2026-07-18 19:17:00,2026-07-18
508,6,group-project,Can you review my PR?,2026-07-19 12:48:00,2026-07-19
509,5,group-design,Meeting at 5?,2026-07-19 22:23:00,2026-07-19
510,1,group-project,Let's connect later.,2026-07-19 19:04:00,2026-07-19
511,1,group-design,No problem 👍,2026-07-19 22:55:00,2026-07-19
512,5,dm-general,Can you review my PR?,2026-07-19 13:27:00,2026-07-19
513,10,group-design,Can you review my PR?,2026-07-19 13:17:00,2026-07-19
514,2,group-design,"Sounds good, checking now.",2026-07-19 12:48:00,2026-07-19
515,3,group-design,"Okay, sounds good.",2026-07-19 12:47:00,2026-07-19
516,10,dm-general,"Sounds good, checking now.",2026-07-19 17:02:00,2026-07-19
517,3,dm-general,"Sure, I'll complete it today.",2026-07-19 11:56:00,2026-07-19
518,7,group-design,Thanks for the update!,2026-07-19 09:03:00,2026-07-19
519,10,group-project,"Sounds good, checking now.",2026-07-19 15:19:00,2026-07-19
520,2,group-project,Thanks for the update!,2026-07-19 08:51:00,2026-07-19
521,5,group-design,"Sounds good, checking now.",2026-07-19 19:18:00,2026-07-19
522,1,dm-general,"Sure, I'll complete it today.",2026-07-19 11:24:00,2026-07-19
523,7,group-project,No problem 👍,2026-07-19 20:58:00,2026-07-19
524,3,dm-general,Hey! How are you?,2026-07-19 08:50:00,2026-07-19
525,1,group-design,"Sounds good, checking now.",2026-07-19 13:36:00,2026-07-19
526,1,dm-general,Hey! How are you?,2026-07-19 22:44:00,2026-07-19
527,9,group-project,Can you review my PR?,2026-07-20 15:07:00,2026-07-20
528,7,group-design,"Sure, I'll complete it today.",2026-07-20 22:18:00,2026-07-20
529,9,group-design,Meeting at 5?,2026-07-20 15:38:00,2026-07-20
530,10,group-design,Hey! How are you?,2026-07-20 13:15:00,2026-07-20
531,10,group-design,Let's connect later.,2026-07-20 15:26:00,2026-07-20
532,9,group-project,"I'm good, working on the messenger project.",2026-07-20 22:11:00,2026-07-20
533,1,group-design,"Okay, sounds good.",2026-07-20 14:08:00,2026-07-20
534,3,group-project,No problem 👍,2026-07-20 09:59:00,2026-07-20
535,7,group-design,Let's connect later.,2026-07-20 22:59:00,2026-07-20
536,2,group-design,"Okay, sounds good.",2026-07-20 08:38:00,2026-07-20
537,9,group-design,"Okay, sounds good.",2026-07-20 20:34:00,2026-07-20
538,1,group-design,Thanks for the update!,2026-07-20 17:40:00,2026-07-20
539,3,group-project,Let's connect later.,2026-07-20 13:22:00,2026-07-20
540,9,group-project,Meeting at 5?,2026-07-20 20:29:00,2026-07-20
541,6,group-design,"I'm good, working on the messenger project.",2026-07-20 22:00:00,2026-07-20
542,6,group-project,Meeting at 5?,2026-07-20 21:51:00,2026-07-20
543,9,dm-general,Hey! How are you?,2026-07-20 08:59:00,2026-07-20
544,2,dm-general,Can you review my PR?,2026-07-20 12:17:00,2026-07-20
545,7,group-design,Thanks for the update!,2026-07-20 09:18:00,2026-07-20
546,8,group-project,Thanks for the update!,2026-07-20 22:45:00,2026-07-20
547,10,group-project,No problem 👍,2026-07-20 07:16:00,2026-07-20
548,2,group-project,Meeting at 5?,2026-07-20 17:44:00,2026-07-20
549,10,group-design,Hey! How are you?,2026-07-20 11:31:00,2026-07-20
550,1,group-project,Meeting at 5?,2026-07-20 15:34:00,2026-07-20
551,1,group-project,Can you review my PR?,2026-07-20 15:49:00,2026-07-20
552,5,group-project,No problem 👍,2026-07-20 15:38:00,2026-07-20
553,7,group-project,"Sure, I'll complete it today.",2026-07-20 21:46:00,2026-07-20
554,6,group-design,"Okay, sounds good.",2026-07-20 19:15:00,2026-07-20
555,10,dm-general,No problem 👍,2026-07-20 14:52:00,2026-07-20
556,3,group-design,Meeting at 5?,2026-07-20 11:38:00,2026-07-20
557,4,group-project,"Okay, sounds good.",2026-07-20 12:47:00,2026-07-20
558,3,dm-general,"Sounds good, checking now.",2026-07-20 13:35:00,2026-07-20
559,2,dm-general,Can you review my PR?,2026-07-20 11:57:00,2026-07-20
560,8,group-project,"Okay, sounds good.",2026-07-20 22:32:00,2026-07-20
561,10,group-project,Great! Don't forget to add file sharing feature.,2026-07-20 18:34:00,2026-07-20
562,7,group-design,Hey! How are you?,2026-07-20 07:08:00,2026-07-20
563,5,group-design,"Yep, see you then.",2026-07-20 14:20:00,2026-07-20
564,9,dm-general,"Sounds good, checking now.",2026-07-20 10:31:00,2026-07-20
565,4,dm-general,Can you review my PR?,2026-07-20 21:55:00,2026-07-20
566,5,dm-general,Can you review my PR?,2026-07-20 21:46:00,2026-07-20
567,1,group-project,No problem 👍,2026-07-20 19:03:00,2026-07-20
568,1,group-project,Hey! How are you?,2026-07-20 10:23:00,2026-07-20
569,9,dm-general,Let's connect later.,2026-07-20 07:05:00,2026-07-20
570,6,group-design,Can you review my PR?,2026-07-20 12:57:00,2026-07-20
571,9,group-design,"Yep, see you then.",2026-07-21 15:05:00,2026-07-21
572,5,group-design,"I'm good, working on the messenger project.",2026-07-21 17:01:00,2026-07-21
573,8,group-design,Great! Don't forget to add file sharing feature.,2026-07-21 14:17:00,2026-07-21
574,2,dm-general,Hey! How are you?,2026-07-21 15:10:00,2026-07-21
575,10,group-project,Great! Don't forget to add file sharing feature.,2026-07-21 07:36:00,2026-07-21
576,3,group-design,"Sure, I'll complete it today.",2026-07-21 10:43:00,2026-07-21
577,4,group-project,"I'm good, working on the messenger project.",2026-07-21 22:03:00,2026-07-21
578,7,group-project,Great! Don't forget to add file sharing feature.,2026-07-21 21:43:00,2026-07-21
579,6,group-project,"Okay, sounds good.",2026-07-21 20:07:00,2026-07-21
580,10,group-project,"Sounds good, checking now.",2026-07-21 17:44:00,2026-07-21
581,2,group-project,"Sure, I'll complete it today.",2026-07-21 07:53:00,2026-07-21
582,3,group-design,Thanks for the update!,2026-07-21 16:30:00,2026-07-21
583,10,group-design,Hey! How are you?,2026-07-21 20:07:00,2026-07-21
584,7,dm-general,"Yep, see you then.",2026-07-21 07:54:00,2026-07-21
585,7,group-design,No problem 👍,2026-07-21 10:03:00,2026-07-21
586,6,dm-general,"I'm good, working on the messenger project.",2026-07-21 13:58:00,2026-07-21
587,7,dm-general,Can you review my PR?,2026-07-21 09:48:00,2026-07-21
588,8,dm-general,"I'm good, working on the messenger project.",2026-07-21 15:09:00,2026-07-21
589,1,dm-general,Hey! How are you?,2026-07-21 14:06:00,2026-07-21
590,2,group-project,"Sure, I'll complete it today.",2026-07-21 07:16:00,2026-07-21
591,1,group-design,"Sounds good, checking now.",2026-07-21 07:42:00,2026-07-21
592,4,group-design,Great! Don't forget to add file sharing feature.,2026-07-21 18:08:00,2026-07-21
593,5,group-project,Can you review my PR?,2026-07-21 08:18:00,2026-07-21
594,8,dm-general,"Okay, sounds good.",2026-07-21 12:22:00,2026-07-21
595,2,group-design,Meeting at 5?,2026-07-21 07:56:00,2026-07-21
596,5,dm-general,No problem 👍,2026-07-21 11:15:00,2026-07-21
597,1,group-design,"Yep, see you then.",2026-07-21 10:32:00,2026-07-21
598,10,dm-general,"I'm good, working on the messenger project.",2026-07-21 22:57:00,2026-07-21
599,1,dm-general,Hey! How are you?,2026-07-21 13:34:00,2026-07-21
600,5,group-design,Hey! How are you?,2026-07-21 19:36:00,2026-07-21
601,3,group-project,"I'm good, working on the messenger project.",2026-07-21 21:37:00,2026-07-21
602,10,group-design,Meeting at 5?,2026-07-21 07:28:00,2026-07-21
603,9,group-project,"I'm good, working on the messenger project.",2026-07-21 08:40:00,2026-07-21
604,10,group-design,Meeting at 5?,2026-07-21 19:28:00,2026-07-21
605,9,group-project,"Okay, sounds good.",2026-07-21 09:38:00,2026-07-21
606,3,group-project,Great! Don't forget to add file sharing feature.,2026-07-21 13:23:00,2026-07-21
607,1,group-project,"Okay, sounds good.",2026-07-21 11:25:00,2026-07-21
608,7,dm-general,"Sure, I'll complete it today.",2026-07-21 11:03:00,2026-07-21
609,2,group-project,"I'm good, working on the messenger project.",2026-07-21 18:45:00,2026-07-21
610,9,group-project,"I'm good, working on the messenger project.",2026-07-21 17:30:00,2026-07-21
611,4,group-design,"Sure, I'll complete it today.",2026-07-22 22:53:00,2026-07-22
612,4,dm-general,Thanks for the update!,2026-07-22 07:44:00,2026-07-22
613,5,dm-general,"I'm good, working on the messenger project.",2026-07-22 18:10:00,2026-07-22
614,10,dm-general,No problem 👍,2026-07-22 22:26:00,2026-07-22
615,2,dm-general,Thanks for the update!,2026-07-22 09:47:00,2026-07-22
616,7,group-design,Let's connect later.,2026-07-22 07:50:00,2026-07-22
617,3,group-design,Meeting at 5?,2026-07-22 07:37:00,2026-07-22
618,2,group-design,Meeting at 5?,2026-07-22 15:26:00,2026-07-22
619,1,group-project,"I'm good, working on the messenger project.",2026-07-22 12:45:00,2026-07-22
620,1,group-project,"Sounds good, checking now.",2026-07-22 13:24:00,2026-07-22
621,4,dm-general,"I'm good, working on the messenger project.",2026-07-22 08:36:00,2026-07-22
622,7,group-project,Can you review my PR?,2026-07-22 10:05:00,2026-07-22
623,7,group-project,"I'm good, working on the messenger project.",2026-07-22 16:39:00,2026-07-22
624,4,group-design,Great! Don't forget to add file sharing feature.,2026-07-22 19:11:00,2026-07-22
625,1,dm-general,Meeting at 5?,2026-07-22 07:52:00,2026-07-22
626,5,group-project,"Okay, sounds good.",2026-07-22 21:30:00,2026-07-22
627,3,group-design,Great! Don't forget to add file sharing feature.,2026-07-22 22:32:00,2026-07-22
628,9,group-design,Let's connect later.,2026-07-22 22:58:00,2026-07-22
629,8,group-design,Thanks for the update!,2026-07-22 21:49:00,2026-07-22
630,5,dm-general,"Sounds good, checking now.",2026-07-22 20:29:00,2026-07-22
631,3,dm-general,Meeting at 5?,2026-07-22 13:32:00,2026-07-22
632,8,group-project,Meeting at 5?,2026-07-22 15:43:00,2026-07-22
633,3,group-project,Can you review my PR?,2026-07-22 22:30:00,2026-07-22
634,1,dm-general,Let's connect later.,2026-07-22 11:50:00,2026-07-22
635,8,group-design,Hey! How are you?,2026-07-22 19:54:00,2026-07-22
636,3,group-design,Great! Don't forget to add file sharing feature.,2026-07-22 18:40:00,2026-07-22
637,7,group-design,Great! Don't forget to add file sharing feature.,2026-07-22 10:04:00,2026-07-22
638,6,dm-general,Hey! How are you?,2026-07-22 11:31:00,2026-07-22
639,9,group-design,Great! Don't forget to add file sharing feature.,2026-07-22 18:32:00,2026-07-22
640,5,dm-general,Let's connect later.,2026-07-22 21:39:00,2026-07-22
641,1,group-design,Let's connect later.,2026-07-22 18:49:00,2026-07-22
642,9,group-design,"Okay, sounds good.",2026-07-22 10:36:00,2026-07-22
643,1,dm-general,No problem 👍,2026-07-22 16:05:00,2026-07-22
644,9,group-project,"I'm good, working on the messenger project.",2026-07-22 11:25:00,2026-07-22
645,1,dm-general,"Yep, see you then.",2026-07-22 09:01:00,2026-07-22
646,6,group-project,No problem 👍,2026-07-22 18:27:00,2026-07-22
647,1,group-project,"Sounds good, checking now.",2026-07-22 22:52:00,2026-07-22
648,3,dm-general,"Yep, see you then.",2026-07-22 21:30:00,2026-07-22
649,8,dm-general,Can you review my PR?,2026-07-22 10:36:00,2026-07-22
650,5,dm-general,Hey! How are you?,2026-07-23 22:52:00,2026-07-23
651,5,group-design,Thanks for the update!,2026-07-23 08:25:00,2026-07-23
652,6,group-project,Thanks for the update!,2026-07-23 19:17:00,2026-07-23
653,6,dm-general,Let's connect later.,2026-07-23 11:03:00,2026-07-23
654,9,group-project,Great! Don't forget to add file sharing feature.,2026-07-23 17:42:00,2026-07-23
655,7,group-design,Meeting at 5?,2026-07-23 07:38:00,2026-07-23
656,2,group-project,Great! Don't forget to add file sharing feature.,2026-07-23 07:29:00,2026-07-23
657,4,group-design,Let's connect later.,2026-07-23 20:21:00,2026-07-23
658,4,group-project,"Okay, sounds good.",2026-07-23 10:57:00,2026-07-23
659,4,dm-general,"Sure, I'll complete it today.",2026-07-23 16:56:00,2026-07-23
660,3,group-project,Meeting at 5?,2026-07-23 18:51:00,2026-07-23
661,6,group-design,"Sounds good, checking now.",2026-07-23 17:12:00,2026-07-23
662,4,group-project,"Okay, sounds good.",2026-07-23 16:42:00,2026-07-23
663,2,group-design,"I'm good, working on the messenger project.",2026-07-23 19:49:00,2026-07-23
664,7,group-project,"I'm good, working on the messenger project.",2026-07-23 18:29:00,2026-07-23
665,9,group-project,"I'm good, working on the messenger project.",2026-07-23 22:57:00,2026-07-23
666,7,group-design,Hey! How are you?,2026-07-23 22:09:00,2026-07-23
667,7,group-project,"Okay, sounds good.",2026-07-23 20:38:00,2026-07-23
668,3,group-project,Great! Don't forget to add file sharing feature.,2026-07-23 14:11:00,2026-07-23
669,8,group-project,Meeting at 5?,2026-07-23 18:40:00,2026-07-23
670,2,group-design,"Sounds good, checking now.",2026-07-23 12:26:00,2026-07-23
671,5,group-design,Hey! How are you?,2026-07-23 16:52:00,2026-07-23
672,9,group-design,"Yep, see you then.",2026-07-23 08:32:00,2026-07-23
673,5,group-project,"Yep, see you then.",2026-07-23 09:06:00,2026-07-23
674,4,dm-general,Let's connect later.,2026-07-23 19:13:00,2026-07-23
675,7,dm-general,"Yep, see you then.",2026-07-23 13:39:00,2026-07-23
676,1,group-project,Meeting at 5?,2026-07-23 21:01:00,2026-07-23
677,5,dm-general,"Sure, I'll complete it today.",2026-07-23 20:04:00,2026-07-23
678,4,dm-general,Hey! How are you?,2026-07-23 20:30:00,2026-07-23
679,6,group-project,Thanks for the update!,2026-07-23 13:01:00,2026-07-23
680,2,dm-general,Let's connect later.,2026-07-23 14:22:00,2026-07-23
681,4,group-design,Meeting at 5?,2026-07-23 20:47:00,2026-07-23
682,1,group-design,Hey! How are you?,2026-07-23 21:12:00,2026-07-23
683,8,dm-general,No problem 👍,2026-07-23 13:23:00,2026-07-23
684,10,group-design,No problem 👍,2026-07-23 09:44:00,2026-07-23
685,5,dm-general,Meeting at 5?,2026-07-23 08:50:00,2026-07-23
686,5,group-design,"I'm good, working on the messenger project.",2026-07-23 10:01:00,2026-07-23
687,9,dm-general,No problem 👍,2026-07-23 10:36:00,2026-07-23
688,1,dm-general,No problem 👍,2026-07-23 08:47:00,2026-07-23
689,8,group-design,No problem 👍,2026-07-23 15:27:00,2026-07-23
690,3,group-design,Let's connect later.,2026-07-23 16:42:00,2026-07-23
691,4,group-project,Great! Don't forget to add file sharing feature.,2026-07-23 19:13:00,2026-07-23
692,6,group-design,No problem 👍,2026-07-23 19:29:00,2026-07-23
693,4,group-project,"Yep, see you then.",2026-07-23 20:21:00,2026-07-23
694,5,dm-general,"Yep, see you then.",2026-07-23 13:37:00,2026-07-23
695,5,dm-general,"Sounds good, checking now.",2026-07-23 18:58:00,2026-07-23
696,2,dm-general,Great! Don't forget to add file sharing feature.,2026-07-23 10:34:00,2026-07-23
697,9,group-design,No problem 👍,2026-07-23 18:13:00,2026-07-23
698,10,dm-general,Let's connect later.,2026-07-23 15:07:00,2026-07-23
699,8,dm-general,"Sounds good, checking now.",2026-07-24 08:27:00,2026-07-24
700,2,group-project,"Sure, I'll complete it today.",2026-07-24 13:11:00,2026-07-24
701,1,dm-general,"Yep, see you then.",2026-07-24 16:34:00,2026-07-24
702,5,group-design,"Okay, sounds good.",2026-07-24 20:55:00,2026-07-24
703,6,group-design,"Okay, sounds good.",2026-07-24 20:16:00,2026-07-24
704,7,dm-general,"Okay, sounds good.",2026-07-24 08:36:00,2026-07-24
705,5,dm-general,Hey! How are you?,2026-07-24 11:09:00,2026-07-24
706,4,group-project,"Sure, I'll complete it today.",2026-07-24 17:49:00,2026-07-24
707,5,group-project,"Okay, sounds good.",2026-07-24 10:48:00,2026-07-24
708,9,group-design,Let's connect later.,2026-07-24 09:57:00,2026-07-24
709,10,group-design,Can you review my PR?,2026-07-24 14:31:00,2026-07-24
710,4,group-design,"Sure, I'll complete it today.",2026-07-24 13:42:00,2026-07-24
711,4,group-project,Great! Don't forget to add file sharing feature.,2026-07-24 09:41:00,2026-07-24
712,5,group-design,Hey! How are you?,2026-07-24 10:50:00,2026-07-24
713,10,group-design,"I'm good, working on the messenger project.",2026-07-24 07:52:00,2026-07-24
714,2,group-design,"Sounds good, checking now.",2026-07-24 11:38:00,2026-07-24
715,2,group-project,"Sure, I'll complete it today.",2026-07-24 09:13:00,2026-07-24
716,4,dm-general,"Sounds good, checking now.",2026-07-24 08:07:00,2026-07-24
717,10,dm-general,"Sure, I'll complete it today.",2026-07-24 16:54:00,2026-07-24
718,6,dm-general,Meeting at 5?,2026-07-24 07:38:00,2026-07-24
719,4,group-project,"I'm good, working on the messenger project.",2026-07-24 11:47:00,2026-07-24
720,6,group-design,Great! Don't forget to add file sharing feature.,2026-07-24 09:56:00,2026-07-24
721,2,group-project,Let's connect later.,2026-07-24 10:06:00,2026-07-24
722,1,group-project,Thanks for the update!,2026-07-24 16:39:00,2026-07-24
723,8,group-design,"Yep, see you then.",2026-07-24 10:00:00,2026-07-24
724,6,group-design,"Yep, see you then.",2026-07-24 11:19:00,2026-07-24
725,6,group-design,"I'm good, working on the messenger project.",2026-07-24 13:04:00,2026-07-24
726,5,group-project,Great! Don't forget to add file sharing feature.,2026-07-24 08:43:00,2026-07-24
727,5,group-design,"Sounds good, checking now.",2026-07-24 20:41:00,2026-07-24
728,8,dm-general,Hey! How are you?,2026-07-24 19:39:00,2026-07-24
729,4,dm-general,Thanks for the update!,2026-07-24 13:37:00,2026-07-24
730,10,group-design,"Okay, sounds good.",2026-07-24 11:36:00,2026-07-24
731,7,dm-general,No problem 👍,2026-07-24 19:04:00,2026-07-24
732,4,dm-general,"Okay, sounds good.",2026-07-24 18:49:00,2026-07-24
733,7,group-project,"Yep, see you then.",2026-07-24 17:55:00,2026-07-24
734,4,group-design,"Yep, see you then.",2026-07-24 07:19:00,2026-07-24
735,4,group-project,"Yep, see you then.",2026-07-24 10:17:00,2026-07-24
736,2,dm-general,"Okay, sounds good.",2026-07-24 21:04:00,2026-07-24
737,8,group-project,Great! Don't forget to add file sharing feature.,2026-07-24 18:39:00,2026-07-24
738,9,group-design,Meeting at 5?,2026-07-24 12:26:00,2026-07-24
739,6,group-design,"Okay, sounds good.",2026-07-24 20:38:00,2026-07-24
740,4,group-design,Hey! How are you?,2026-07-24 22:49:00,2026-07-24
741,8,group-design,Thanks for the update!,2026-07-24 17:45:00,2026-07-24
742,9,group-design,Thanks for the update!,2026-07-24 16:25:00,2026-07-24
743,4,dm-general,Meeting at 5?,2026-07-24 20:01:00,2026-07-24
744,8,dm-general,No problem 👍,2026-07-24 21:00:00,2026-07-24
745,2,group-design,Hey! How are you?,2026-07-25 18:46:00,2026-07-25
746,5,dm-general,Let's connect later.,2026-07-25 15:49:00,2026-07-25
747,2,dm-general,Great! Don't forget to add file sharing feature.,2026-07-25 19:27:00,2026-07-25
748,1,group-project,"I'm good, working on the messenger project.",2026-07-25 18:59:00,2026-07-25
749,9,group-project,Thanks for the update!,2026-07-25 15:25:00,2026-07-25
750,3,dm-general,No problem 👍,2026-07-25 13:38:00,2026-07-25
751,8,group-project,Meeting at 5?,2026-07-25 18:44:00,2026-07-25
752,2,group-project,Great! Don't forget to add file sharing feature.,2026-07-25 21:33:00,2026-07-25
753,1,dm-general,"Sure, I'll complete it today.",2026-07-25 13:04:00,2026-07-25
754,9,group-design,"Sure, I'll complete it today.",2026-07-25 07:11:00,2026-07-25
755,6,group-design,Can you review my PR?,2026-07-25 07:47:00,2026-07-25
756,7,dm-general,"Sounds good, checking now.",2026-07-25 14:45:00,2026-07-25
757,1,dm-general,Let's connect later.,2026-07-25 08:39:00,2026-07-25
758,6,group-design,Thanks for the update!,2026-07-25 11:49:00,2026-07-25
759,8,dm-general,"Okay, sounds good.",2026-07-25 08:33:00,2026-07-25
760,8,group-project,"Yep, see you then.",2026-07-25 15:23:00,2026-07-25
761,10,group-design,Let's connect later.,2026-07-25 20:44:00,2026-07-25
762,3,group-project,"I'm good, working on the messenger project.",2026-07-25 19:04:00,2026-07-25
763,5,group-project,"Okay, sounds good.",2026-07-25 11:21:00,2026-07-25
764,9,group-project,"Sure, I'll complete it today.",2026-07-25 17:37:00,2026-07-25
765,5,dm-general,"Yep, see you then.",2026-07-25 19:47:00,2026-07-25
766,8,dm-general,"Okay, sounds good.",2026-07-25 07:02:00,2026-07-25
767,8,dm-general,"Sure, I'll complete it today.",2026-07-25 10:26:00,2026-07-25
768,10,group-design,"Yep, see you then.",2026-07-25 21:43:00,2026-07-25
769,10,group-design,Hey! How are you?,2026-07-25 18:02:00,2026-07-25
770,1,group-project,"I'm good, working on the messenger project.",2026-07-25 17:51:00,2026-07-25
771,4,group-project,No problem 👍,2026-07-25 11:25:00,2026-07-25
772,9,group-project,"Yep, see you then.",2026-07-25 12:33:00,2026-07-25
773,10,group-project,"Sure, I'll complete it today.",2026-07-25 11:30:00,2026-07-25
774,1,group-design,"Okay, sounds good.",2026-07-25 15:15:00,2026-07-25
775,6,group-project,Great! Don't forget to add file sharing feature.,2026-07-25 16:58:00,2026-07-25
776,10,group-project,Thanks for the update!,2026-07-25 13:50:00,2026-07-25
777,6,group-design,Let's connect later.,2026-07-26 20:54:00,2026-07-26
778,7,group-design,"Okay, sounds good.",2026-07-26 14:52:00,2026-07-26
779,6,dm-general,"I'm good, working on the messenger project.",2026-07-26 13:19:00,2026-07-26
780,2,group-project,"Sure, I'll complete it today.",2026-07-26 17:07:00,2026-07-26
781,5,group-project,No problem 👍,2026-07-26 18:51:00,2026-07-26
782,2,dm-general,Thanks for the update!,2026-07-26 16:17:00,2026-07-26
783,5,dm-general,Let's connect later.,2026-07-26 14:16:00,2026-07-26
784,10,dm-general,No problem 👍,2026-07-26 10:13:00,2026-07-26
785,3,group-project,"Yep, see you then.",2026-07-26 14:17:00,2026-07-26
786,1,dm-general,No problem 👍,2026-07-26 11:29:00,2026-07-26
787,10,group-project,"Sure, I'll complete it today.",2026-07-26 14:09:00,2026-07-26
788,1,dm-general,Can you review my PR?,2026-07-26 11:39:00,2026-07-26
789,9,dm-general,Great! Don't forget to add file sharing feature.,2026-07-26 21:07:00,2026-07-26
790,8,group-design,"Sure, I'll complete it today.",2026-07-26 09:00:00,2026-07-26
791,8,group-design,Meeting at 5?,2026-07-26 21:11:00,2026-07-26
792,2,group-design,Hey! How are you?,2026-07-26 15:53:00,2026-07-26
793,6,group-design,Meeting at 5?,2026-07-26 12:58:00,2026-07-26
794,4,group-project,"Yep, see you then.",2026-07-26 22:55:00,2026-07-26
795,6,group-project,No problem 👍,2026-07-26 09:03:00,2026-07-26
796,3,dm-general,Meeting at 5?,2026-07-26 08:05:00,2026-07-26
797,2,dm-general,Hey! How are you?,2026-07-26 13:10:00,2026-07-26
798,3,group-project,"Sounds good, checking now.",2026-07-26 07:24:00,2026-07-26
799,9,dm-general,"I'm good, working on the messenger project.",2026-07-26 13:22:00,2026-07-26
800,8,group-design,Can you review my PR?,2026-07-26 13:17:00,2026-07-26
801,6,group-design,"Okay, sounds good.",2026-07-26 11:46:00,2026-07-26
802,9,group-design,Meeting at 5?,2026-07-26 22:34:00,2026-07-26
803,8,group-project,No problem 👍,2026-07-26 15:08:00,2026-07-26
804,2,group-design,Let's connect later.,2026-07-26 17:01:00,2026-07-26
805,5,group-design,Hey! How are you?,2026-07-26 09:56:00,2026-07-26
806,10,group-project,"Sure, I'll complete it today.",2026-07-26 20:34:00,2026-07-26
807,10,group-design,"Yep, see you then.",2026-07-26 17:11:00,2026-07-26
808,10,dm-general,Thanks for the update!,2026-07-26 22:01:00,2026-07-26
809,2,group-project,Thanks for the update!,2026-07-27 20:46:00,2026-07-27
810,3,dm-general,Meeting at 5?,2026-07-27 08:58:00,2026-07-27
811,5,group-project,Meeting at 5?,2026-07-27 19:46:00,2026-07-27
812,1,group-project,Let's connect later.,2026-07-27 18:25:00,2026-07-27
813,5,dm-general,Thanks for the update!,2026-07-27 18:41:00,2026-07-27
814,8,group-design,Great! Don't forget to add file sharing feature.,2026-07-27 13:04:00,2026-07-27
815,3,group-design,"Sure, I'll complete it today.",2026-07-27 20:13:00,2026-07-27
816,2,group-project,Thanks for the update!,2026-07-27 07:47:00,2026-07-27
817,5,group-design,Meeting at 5?,2026-07-27 07:53:00,2026-07-27
818,5,dm-general,"Sounds good, checking now.",2026-07-27 19:34:00,2026-07-27
819,8,group-design,Let's connect later.,2026-07-27 19:16:00,2026-07-27
820,2,dm-general,No problem 👍,2026-07-27 07:12:00,2026-07-27
821,6,group-design,Meeting at 5?,2026-07-27 17:38:00,2026-07-27
822,10,group-project,Let's connect later.,2026-07-27 18:07:00,2026-07-27
823,4,dm-general,"Sure, I'll complete it today.",2026-07-27 15:16:00,2026-07-27
824,1,group-project,Hey! How are you?,2026-07-27 10:28:00,2026-07-27
825,7,dm-general,Can you review my PR?,2026-07-27 21:42:00,2026-07-27
826,5,group-project,"Sounds good, checking now.",2026-07-27 09:45:00,2026-07-27
827,8,group-project,Meeting at 5?,2026-07-27 14:34:00,2026-07-27
828,8,group-project,No problem 👍,2026-07-27 10:21:00,2026-07-27
829,3,dm-general,Great! Don't forget to add file sharing feature.,2026-07-27 15:07:00,2026-07-27
830,6,dm-general,Hey! How are you?,2026-07-27 15:34:00,2026-07-27
831,4,dm-general,"Okay, sounds good.",2026-07-27 09:16:00,2026-07-27
832,2,group-project,"Okay, sounds good.",2026-07-27 16:26:00,2026-07-27
833,3,dm-general,"Okay, sounds good.",2026-07-27 10:56:00,2026-07-27
834,3,group-project,"I'm good, working on the messenger project.",2026-07-27 17:44:00,2026-07-27
835,10,dm-general,Great! Don't forget to add file sharing feature.,2026-07-27 18:39:00,2026-07-27
836,3,group-design,Hey! How are you?,2026-07-27 11:43:00,2026-07-27
837,9,dm-general,Can you review my PR?,2026-07-27 10:43:00,2026-07-27
838,5,dm-general,"Okay, sounds good.",2026-07-27 20:19:00,2026-07-27
839,1,dm-general,"Yep, see you then.",2026-07-27 20:07:00,2026-07-27
840,4,group-project,Hey! How are you?,2026-07-27 14:10:00,2026-07-27
841,8,group-design,"I'm good, working on the messenger project.",2026-07-27 12:46:00,2026-07-27
842,7,group-project,"Yep, see you then.",2026-07-27 19:50:00,2026-07-27
843,1,group-project,No problem 👍,2026-07-27 19:04:00,2026-07-27
844,6,group-project,Meeting at 5?,2026-07-27 07:31:00,2026-07-27
845,1,group-design,Can you review my PR?,2026-07-27 12:12:00,2026-07-27
846,2,group-design,"I'm good, working on the messenger project.",2026-07-27 09:05:00,2026-07-27
847,7,group-design,Thanks for the update!,2026-07-27 07:54:00,2026-07-27
848,1,group-design,"Okay, sounds good.",2026-07-27 11:59:00,2026-07-27
849,9,group-design,"I'm good, working on the messenger project.",2026-07-27 14:03:00,2026-07-27
850,3,group-project,Great! Don't forget to add file sharing feature.,2026-07-27 10:31:00,2026-07-27
851,8,dm-general,Meeting at 5?,2026-07-27 10:04:00,2026-07-27
852,8,group-design,No problem 👍,2026-07-27 14:57:00,2026-07-27
853,4,group-project,"Sure, I'll complete it today.",2026-07-27 12:47:00,2026-07-27
854,9,group-design,Meeting at 5?,2026-07-27 17:56:00,2026-07-27
855,8,group-design,"Okay, sounds good.",2026-07-27 09:11:00,2026-07-27
856,5,group-design,No problem 👍,2026-07-27 18:57:00,2026-07-27
857,4,group-design,Meeting at 5?,2026-07-27 15:31:00,2026-07-27
858,9,dm-general,"I'm good, working on the messenger project.",2026-07-27 11:30:00,2026-07-27
859,9,group-project,Meeting at 5?,2026-07-27 15:05:00,2026-07-27
860,9,group-project,"I'm good, working on the messenger project.",2026-07-27 22:24:00,2026-07-27
861,4,group-project,"Sounds good, checking now.",2026-07-27 08:27:00,2026-07-27
862,4,group-design,"Sounds good, checking now.",2026-07-27 18:50:00,2026-07-27
